Stock Index,Stock Price
AC3235,789.93854
AC3236,261.4835
AC3237,1541.699
AC3238,826.8062
AC3239,278.08893
AC3240,394.0458
AC3241,713.35205
AC3242,1006.4177
AC3243,1022.6719
AC3244,1373.7509
AC3245,306.02893
AC3246,392.8323
AC3247,682.86426
AC3248,211.08864
AC3249,299.135
AC3250,285.68802
AC3251,1791.1823
AC3252,136.33754
AC3253,310.05362
AC3254,188.8785
AC3255,1016.99756
AC3256,852.09674
AC3257,1499.3335
AC3258,507.8201
AC3259,262.79294
AC3260,289.00726
AC3261,122.202286
AC3262,236.25105
AC3263,386.8398
AC3264,110.576965
AC3265,1177.143
AC3266,863.4002
AC3267,493.4175
AC3268,758.4013
AC3269,411.85757
AC3270,812.297
AC3271,76.418816
AC3272,411.4046
AC3273,690.7317
AC3274,611.3254
AC3275,588.19574
AC3276,637.9443
AC3277,761.5185
AC3278,723.0966
AC3279,285.7614
AC3280,396.7206
AC3281,885.7266
AC3282,152.70084
AC3283,801.7434
AC3284,957.89886
AC3285,104.806984
AC3286,881.43176
AC3287,207.46123
AC3288,199.50127
AC3289,170.98878
AC3290,219.40123
AC3291,193.57104
AC3292,84.029564
AC3293,497.76462
AC3294,190.027
AC3295,575.65955
AC3296,112.33865
AC3297,617.6343
AC3298,803.5143
AC3299,106.65089
AC3300,79.39651
AC3301,815.32294
AC3302,134.09016
AC3303,1240.0265
AC3304,-10.840433
AC3305,265.59055
AC3306,212.20203
AC3307,-14.135946
AC3308,150.72012
AC3309,275.1185
AC3310,793.6671
AC3311,1079.1936
AC3312,856.0913
AC3313,-29.599121
AC3314,69.63969
AC3315,121.751045
AC3316,406.48416
AC3317,968.6621
AC3318,547.69836
AC3319,1182.3585
AC3320,-54.921013
AC3321,110.9904
AC3322,93.40639
AC3323,875.69196
AC3324,74.67197
AC3325,232.67426
AC3326,375.0347
AC3327,80.120636
AC3328,138.44958
AC3329,676.41656
AC3330,882.99695
AC3331,312.894
AC3332,877.5412
AC3333,1645.1981
AC3334,396.11646
AC3335,724.25635
AC3336,254.13829
AC3337,551.18353
AC3338,1827.4097
AC3339,809.21704
AC3340,93.35435
AC3341,1198.2584
AC3342,1211.7736
AC3343,286.1043
AC3344,91.62605
AC3345,214.31306
AC3346,69.96206
AC3347,298.23486
AC3348,662.14526
AC3349,488.7007
AC3350,209.49663
AC3351,842.85046
AC3352,-38.663002
AC3353,430.0808
AC3354,236.38177
AC3355,670.14703
AC3356,241.0048
AC3357,630.8027
AC3358,1586.4552
AC3359,1321.2509
AC3360,1180.7897
AC3361,262.4158
AC3362,362.43842
AC3363,529.3651
AC3364,377.35153
AC3365,99.58909
AC3366,361.58835
AC3367,276.79922
AC3368,803.93317
AC3369,311.39038
AC3370,607.49976
AC3371,382.7227
AC3372,468.33994
AC3373,230.71233
AC3374,332.82642
AC3375,1068.6416
AC3376,424.4373
AC3377,201.71933
AC3378,380.06378
AC3379,624.2867
AC3380,145.9535
AC3381,437.15405
AC3382,595.2188
AC3383,140.91956
AC3384,259.83737
AC3385,240.12953
AC3386,130.53152
AC3387,289.96255
AC3388,1588.0712
AC3389,271.47086
AC3390,230.27573
AC3391,787.35516
AC3392,632.27264
AC3393,443.46164
AC3394,517.79565
AC3395,1451.5027
AC3396,10.741556
AC3397,685.54565
AC3398,436.09393
AC3399,79.93592
AC3400,166.39075
AC3401,138.5041
AC3402,542.2526
AC3403,289.44632
AC3404,59.23822
AC3405,109.16546
AC3406,290.0379
AC3407,202.2178
AC3408,714.8497
AC3409,1213.9398
AC3410,957.8942
AC3411,915.44586
AC3412,1454.2109
AC3413,191.31389
AC3414,353.9374
AC3415,178.65527
AC3416,609.0989
AC3417,878.5225
AC3418,174.26593
AC3419,1273.2922
AC3420,210.18234
AC3421,201.08342
AC3422,827.9847
AC3423,90.25123
AC3424,1172.0929
AC3425,242.56606
AC3426,111.968346
AC3427,356.1971
AC3428,780.62756
AC3429,775.2857
AC3430,321.86093
AC3431,475.34918
AC3432,514.0033
AC3433,205.12535
AC3434,829.1204
AC3435,1079.9254
AC3436,438.21695
AC3437,174.72456
AC3438,1496.1917
AC3439,166.36165
AC3440,1225.1545
AC3441,428.0996
AC3442,0.32490262
AC3443,642.1848
AC3444,161.28773
AC3445,142.16751
AC3446,751.759
AC3447,900.06036
AC3448,152.51816
AC3449,1068.9087
AC3450,210.3269
AC3451,1068.3242
AC3452,731.9623
AC3453,677.0055
AC3454,37.99309
AC3455,749.33636
AC3456,159.96808
AC3457,637.45404
AC3458,710.84216
AC3459,1758.5747
AC3460,535.37335
AC3461,576.01465
AC3462,478.39847
AC3463,1259.5431
AC3464,327.35553
AC3465,628.1631
AC3466,167.8342
AC3467,160.18147
AC3468,1400.5153
AC3469,282.19095
AC3470,362.33298
AC3471,706.56793
AC3472,222.88756
AC3473,415.18323
AC3474,425.25677
AC3475,85.10735
AC3476,552.82227
AC3477,816.4812
AC3478,195.67975
AC3479,209.47601
AC3480,194.17203
AC3481,1155.7097
AC3482,394.87802
AC3483,1009.96246
AC3484,887.9694
AC3485,765.80035
AC3486,101.24975
AC3487,233.39574
AC3488,1724.1522
AC3489,796.77435
AC3490,1559.6357
AC3491,317.55325
AC3492,969.7166
AC3493,67.8798
AC3494,1034.6323
AC3495,140.62627
AC3496,1296.6194
AC3497,404.39114
AC3498,49.58001
AC3499,374.77737
AC3500,133.56822
AC3501,250.61499
AC3502,259.38712
AC3503,300.6624
AC3504,1104.6498
AC3505,1146.6362
AC3506,446.5
AC3507,866.03015
AC3508,896.36633
AC3509,395.35266
AC3510,1206.9791
AC3511,969.4516
AC3512,980.9601
AC3513,536.7924
AC3514,168.47061
AC3515,928.81494
AC3516,534.86536
AC3517,501.2293
AC3518,580.7741
AC3519,967.2591
AC3520,1719.8871
AC3521,754.31757
AC3522,1221.172
AC3523,985.36755
AC3524,1115.2894
AC3525,789.12573
AC3526,448.6779
AC3527,102.9221
AC3528,88.94838
AC3529,978.5053
AC3530,533.16284
AC3531,596.49005
AC3532,780.2258
AC3533,550.34784
AC3534,785.98676
AC3535,899.33514
AC3536,238.0971
AC3537,194.90121
AC3538,822.6556
AC3539,1250.7622
AC3540,378.93076
AC3541,521.23975
AC3542,311.49323
AC3543,1073.6703
AC3544,446.74448
AC3545,398.85364
AC3546,674.1385
AC3547,606.3994
AC3548,84.86074
AC3549,1635.747
AC3550,826.70337
AC3551,659.1172
AC3552,341.16525
AC3553,904.337
AC3554,308.5443
AC3555,210.43196
AC3556,1060.2578
AC3557,627.0806
AC3558,1265.7089
AC3559,502.22256
AC3560,210.84029
AC3561,193.03645
AC3562,782.8943
AC3563,1056.1932
AC3564,1475.7731
AC3565,703.7768
AC3566,288.66125
AC3567,251.68004
AC3568,248.51196
AC3569,347.46054
AC3570,766.9782
AC3571,602.67993
AC3572,492.577
AC3573,1264.3457
AC3574,667.39374
AC3575,165.08473
AC3576,573.6074
AC3577,1614.0968
AC3578,87.7566
AC3579,1474.5698
AC3580,95.86484
AC3581,189.48341
AC3582,253.49707
AC3583,705.8895
AC3584,201.34166
AC3585,169.60722
AC3586,419.81647
AC3587,-0.81318057
AC3588,268.98877
AC3589,165.32722
AC3590,315.21103
AC3591,358.42
AC3592,295.3754
AC3593,44.990234
AC3594,126.25726
AC3595,392.2817
AC3596,798.1105
AC3597,83.44462
AC3598,239.05875
AC3599,1150.8423
AC3600,1280.0111
AC3601,966.85223
AC3602,778.11597
AC3603,1632.6481
AC3604,304.49625
AC3605,770.2763
AC3606,1209.8334
AC3607,-13.0099535
AC3608,954.4355
AC3609,499.2976
AC3610,187.63705
AC3611,833.81335
AC3612,-23.678526
AC3613,1183.865
AC3614,516.51514
AC3615,517.28156
AC3616,249.79831
AC3617,1160.8368
AC3618,162.5666
AC3619,309.50928
AC3620,224.39247
AC3621,808.39655
AC3622,296.22742
AC3623,325.5321
AC3624,719.1207
AC3625,257.03848
AC3626,110.3149
AC3627,638.66736
AC3628,62.64128
AC3629,46.659496
AC3630,613.64667
AC3631,31.240448
AC3632,161.83162
AC3633,299.1737
AC3634,1404.3138
AC3635,300.2279
AC3636,1180.4774
AC3637,320.78735
AC3638,1007.80554
AC3639,205.94356
AC3640,914.9512
AC3641,541.44055
AC3642,164.59305
AC3643,621.21063
AC3644,752.00134
AC3645,1131.7826
AC3646,667.909
AC3647,366.55338
AC3648,217.71715
AC3649,405.47687
AC3650,692.5734
AC3651,1295.9841
AC3652,370.03445
AC3653,605.8904
AC3654,1188.693
AC3655,374.26773
AC3656,379.0801
AC3657,918.60126
AC3658,896.73035
AC3659,547.50653
AC3660,137.17763
AC3661,143.87424
AC3662,302.5337
AC3663,761.7296
AC3664,422.69052
AC3665,863.5317
AC3666,402.62024
AC3667,629.4755
AC3668,1274.8248
AC3669,1180.6106
AC3670,431.7807
AC3671,111.397316
AC3672,363.04413
AC3673,898.21356
AC3674,893.67004
AC3675,588.12213
AC3676,1355.0602
AC3677,1029.3772
AC3678,1230.6521
AC3679,436.99347
AC3680,656.4992
AC3681,595.50977
AC3682,267.89584
AC3683,524.3943
AC3684,473.88043
AC3685,153.40115
AC3686,287.01245
AC3687,787.48883
AC3688,205.19614
AC3689,770.87335
AC3690,669.2874
AC3691,494.0242
AC3692,281.63184
AC3693,156.78944
AC3694,251.848
AC3695,213.30359
AC3696,143.56401
AC3697,336.38272
AC3698,198.508
AC3699,146.4895
AC3700,1149.9025
AC3701,255.00905
AC3702,446.9599
AC3703,178.9635
AC3704,269.95145
AC3705,673.7636
AC3706,692.8058
AC3707,1508.6306
AC3708,1219.7819
AC3709,514.952
AC3710,124.71823
AC3711,1070.1782
AC3712,326.11752
AC3713,956.4667
AC3714,1461.8531
AC3715,1337.5979
AC3716,196.22755
AC3717,813.2515
AC3718,1368.4647
AC3719,1065.6699
AC3720,204.91144
AC3721,349.46524
AC3722,1518.5107
AC3723,573.97034
AC3724,106.49104
AC3725,957.8106
AC3726,116.59217
AC3727,603.0963
AC3728,304.78503
AC3729,371.967
AC3730,588.6446
AC3731,989.90137
AC3732,539.6298
AC3733,174.57005
AC3734,515.81635
AC3735,370.8063
AC3736,733.2515
AC3737,504.95438
AC3738,343.33545
AC3739,48.97534
AC3740,380.6796
AC3741,751.97076
AC3742,725.12616
AC3743,831.2111
AC3744,44.01106
AC3745,127.82964
AC3746,349.05328
AC3747,407.4921
AC3748,175.17685
AC3749,509.4254
AC3750,1411.3392
AC3751,37.987686
AC3752,87.391266
AC3753,395.46826
AC3754,639.97516
AC3755,51.946274
AC3756,325.77496
AC3757,904.2317
AC3758,880.66473
AC3759,551.8375
AC3760,198.21707
AC3761,439.6199
AC3762,490.40036
AC3763,900.3231
AC3764,498.73447
AC3765,337.26944
AC3766,457.42532
AC3767,75.57238
AC3768,1064.4923
AC3769,957.1399
AC3770,129.31529
AC3771,702.6332
AC3772,486.0245
AC3773,150.08804
AC3774,270.08426
AC3775,-15.369922
AC3776,335.83447
AC3777,151.28131
AC3778,899.6203
AC3779,1605.9722
AC3780,101.45009
AC3781,633.4925
AC3782,128.6572
AC3783,628.29376
AC3784,307.62827
AC3785,383.82413
AC3786,445.36124
AC3787,215.98619
AC3788,728.2672
AC3789,1435.9666
AC3790,767.373
AC3791,187.89717
AC3792,760.7455
AC3793,227.45102
AC3794,822.73206
AC3795,457.7952
AC3796,314.3395
AC3797,129.11548
AC3798,616.4513
AC3799,1049.7675
AC3800,136.88573
AC3801,170.1203
AC3802,225.4548
AC3803,71.395386
AC3804,-89.99186
AC3805,-32.637108
AC3806,781.1884
AC3807,157.10112
AC3808,1400.6227
AC3809,234.06267
AC3810,492.38013
AC3811,315.7064
AC3812,580.1296
AC3813,942.4489
AC3814,786.85535
AC3815,171.69986
AC3816,842.16705
AC3817,318.9794
AC3818,1630.6438
AC3819,93.503456
AC3820,152.28404
AC3821,259.07022
AC3822,288.93417
AC3823,420.54846
AC3824,421.2831
AC3825,372.9524
AC3826,401.37134
AC3827,573.5967
AD1,148.96979
AD2,402.52448
AD3,63.203266
AD4,612.59875
AD5,144.26399
AD6,167.78712
AD7,366.85788
AD8,738.56323
AD9,638.67834
AD10,343.0293
AD11,129.81107
AD12,149.86783
AD13,790.9227
AD14,688.2208
AD15,1003.97675
AD16,623.9403
AD17,792.859
AD18,607.8697
AD19,1495.7886
AD20,258.05164
AD21,827.2597
AD22,1320.9061
AD23,1576.5648
AD24,310.16516
AD25,744.5705
AD26,549.2758
AD27,353.79126
AD28,287.9569
AD29,755.1446
AD30,1106.257
AD31,310.1622
AD32,399.8025
AD33,488.9231
AD34,237.61119
AD35,695.51074
AD36,185.524
AD37,-5.832159
AD38,1609.597
AD39,770.25946
AD40,459.81006
AD41,22.415768
AD42,194.98369
AD43,173.875
AD44,810.23004
AD45,1716.4275
AD46,512.64935
AD47,206.82994
AD48,211.7623
AD49,281.0222
AD50,551.23285
AD51,22.641222
AD52,72.56685
AD53,519.6717
AD54,134.09636
AD55,593.18555
AD56,1106.641
AD57,841.4748
AD58,1150.0698
AD59,625.9991
AD60,662.9058
AD61,807.83185
AD62,1621.8269
AD63,696.5928
AD64,982.14514
AD65,205.94931
AD66,418.69547
AD67,138.81805
AD68,1078.7623
AD69,231.99104
AD70,-28.488735
AD71,459.63162
AD72,702.68225
AD73,396.31223
AD74,228.10019
AD75,752.07214
AD76,1396.5287
AD77,277.48135
AD78,391.65332
AD79,1492.3986
AD80,744.843
AD81,1169.9847
AD82,626.17126
AD83,87.57048
AD84,477.46622
AD85,1019.0742
AD86,522.11145
AD87,548.9491
AD88,655.05286
AD89,81.36082
AD90,801.82227
AD91,1353.8464
AD92,216.5759
AD93,591.1807
AD94,513.6276
AD95,199.55768
AD96,707.0984
AD97,338.87115
AD98,1108.346
AD99,3.9951634
AD100,814.5914
AD101,213.80063
AD102,86.09302
AD103,160.95142
AD104,235.97218
AD105,940.3899
AD106,876.7175
AD107,1242.754
AD108,1165.0079
AD109,154.88203
AD110,652.25275
AD111,508.17352
AD112,1276.1163
AD113,335.47934
AD114,291.73486
AD115,329.7899
AD116,651.401
AD117,789.1607
AD118,124.48908
AD119,347.68045
AD120,72.30332
AD121,96.3564
AD122,595.2606
AD123,-6.405327
AD124,580.52203
AD125,592.7051
AD126,426.3547
AD127,1318.8191
AD128,418.41025
AD129,703.1643
AD130,247.89551
AD131,808.5067
AD132,499.22305
AD133,709.2842
AD134,375.0548
AD135,1556.3711
AD136,822.20953
AD137,458.633
AD138,844.9868
AD139,1536.6375
AD140,386.36902
AD141,83.8074
AD142,808.9931
AD143,143.88116
AD144,187.29451
AD145,203.08572
AD146,1162.88
AD147,917.288
AD148,820.0072
AD149,1080.6879
AD150,731.8083
AD151,246.38707
AD152,1120.8107
AD153,438.896
AD154,411.00986
AD155,534.4312
AD156,174.41429
AD157,1325.5039
AD158,396.19357
AD159,779.65967
AD160,1181.0784
AD161,687.509
AD162,191.0549
AD163,517.6262
AD164,828.3158
AD165,605.2906
AD166,417.10867
AD167,418.46732
AD168,461.68628
AD169,813.5322
AD170,89.501434
AD171,716.1695
AD172,228.55101
AD173,624.5911
AD174,652.4752
AD175,347.97278
AD176,329.12964
AD177,436.1703
AD178,1210.5135
AD179,866.60254
AD180,66.77123
AD181,1274.1014
AD182,257.3197
AD183,74.235176
AD184,1332.8019
AD185,463.235
AD186,1256.6626
AD187,535.7316
AD188,77.63409
AD189,1192.2473
AD190,394.41364
AD191,53.362045
AD192,610.6058
AD193,106.05174
AD194,325.58493
AD195,533.6076
AD196,804.9127
AD197,1206.0913
AD198,203.85661
AD199,58.890205
AD200,662.6707
AD201,1295.6622
AD202,202.04938
AD203,556.8463
AD204,1135.493
AD205,197.77727
AD206,317.50058
AD207,823.97437
AD208,795.80035
AD209,584.37897
AD210,1806.399
AD211,456.32578
AD212,1088.7019
AD213,1379.4872
AD214,385.58154
AD215,605.2429
AD216,11.170994
AD217,1450.1301
AD218,847.4116
AD219,370.29324
AD220,406.87012
AD221,452.9387
AD222,1298.2349
AD223,43.04403
AD224,831.969
AD225,477.25766
AD226,1676.3705
AD227,548.28485
AD228,287.6528
AD229,446.47705
AD230,400.69177
AD231,448.7772
AD232,854.46
AD233,636.56995
AD234,629.98737
AD235,260.50644
AD236,315.321
AD237,495.47058
AD238,739.4419
AD239,830.4282
AD240,1545.9669
AD241,697.18
AD242,115.46306
AD243,870.11395
AD244,666.92645
AD245,326.6802
AD246,655.8666
AD247,1395.3983
AD248,728.275
AD249,275.57907
AD250,793.582
AD251,656.40924
AD252,1371.1562
AD253,176.4524
AD254,102.467476
AD255,669.0913
AD256,149.1582
AD257,1702.0217
AD258,563.719
AD259,220.63885
AD260,645.91327
AD261,174.208
AD262,29.480478
AD263,705.27985
AD264,332.6103
AD265,746.8137
AD266,326.44348
AD267,149.57729
AD268,1043.1832
AD269,811.28406
AD270,1471.5409
AD271,241.05942
AD272,527.4032
AD273,124.42348
AD274,285.5076
AD275,851.6982
AD276,191.29909
AD277,72.35785
AD278,793.5782
AD279,311.9691
AD280,768.938
AD281,413.9044
AD282,1317.5858
AD283,167.3131
AD284,66.09237
AD285,287.19336
AD286,83.847855
AD287,599.08813
AD288,328.0783
AD289,99.03294
AD290,1755.0233
AD291,164.4065
AD292,770.5152
AD293,764.6804
AD294,814.57587
AD295,272.90387
AD296,510.4577
AD297,46.43592
AD298,756.60175
AD299,876.89166
AD300,348.0793
AD301,161.20883
AD302,398.20575
AD303,447.22858
AD304,970.1326
AD305,617.32623
AD306,422.0213
AD307,223.77592
AD308,396.76648
AD309,205.754
AD310,561.4972
AD311,719.8042
AD312,1834.4879
AD313,1354.8713
AD314,174.97812
AD315,719.3516
AD316,567.0643
AD317,1230.6659
AD318,537.84393
AD319,380.17383
AD320,462.3169
AD321,1210.4812
AD322,386.68384
AD323,60.799515
AD324,699.5132
AD325,1237.2085
AD326,488.6765
AD327,1269.6272
AD328,362.7004
AD329,1142.6489
AD330,826.0221
AD331,480.70657
AD332,484.39597
AD333,426.34775
AD334,393.55002
AD335,256.60406
AD336,71.07686
AD337,520.8998
AD338,283.73834
AD339,1155.7743
AD340,502.67413
AD341,431.15134
AD342,329.7477
AD343,92.974396
AD344,1372.5953
AD345,159.5501
AD346,515.7148
AD347,1006.47473
AD348,173.86165
AD349,888.6437
AD350,752.1817
AD351,619.8994
AD352,499.0626
AD353,400.75848
AD354,355.87286
AD355,1538.2849
AD356,438.65674
AD357,67.41272
AD358,482.28073
AD359,157.30093
AD360,774.76733
AD361,172.57085
AD362,217.95724
AD363,866.87317
AD364,694.1548
AD365,215.1844
AD366,174.02966
AD367,293.41946
AD368,193.31056
AD369,410.74747
AD370,587.9375
AD371,46.279514
AD372,1410.0037
AD373,1412.2487
AD374,249.08195
AD375,766.77075
AD376,677.91895
AD377,1779.7993
AD378,280.17978
AD379,1231.9686
AD380,113.08505
AD381,250.85289
AD382,276.84247
AD383,220.11362
AD384,183.1787
AD385,191.95747
AD386,677.33344
AD387,301.9864
AD388,850.42175
AD389,734.4482
AD390,649.2787
AD391,772.4394
AD392,873.56635
AD393,1335.6715
AD394,122.107086
AD395,345.48425
AD396,198.68053
AD397,971.2861
AD398,432.4505
AD399,1298.6842
AD400,231.00343
AD401,859.094
AD402,244.7922
AD403,760.5119
AD404,1283.4799
AD405,335.4282
AD406,289.09885
AD407,525.91595
AD408,352.11652
AD409,51.138504
AD410,270.19354
AD411,1013.3756
AD412,271.86166
AD413,94.151085
AD414,386.2624
AD415,602.7631
AD416,248.36069
AD417,516.4995
AD418,336.19876
AD419,500.31223
AD420,204.0363
AD421,663.60144
AD422,18.77874
AD423,911.56934
AD424,363.21338
AD425,564.41565
AD426,326.8514
AD427,326.08972
AD428,1161.1089
AD429,296.3054
AD430,287.31186
AD431,518.2777
AD432,360.9303
AD433,1402.7467
AD434,444.14975
AD435,617.2305
AD436,95.42081
AD437,250.71838
AD438,486.77856
AD439,100.40009
AD440,84.43186
AD441,466.59192
AD442,365.12897
AD443,474.63174
AD444,315.0936
AD445,979.7323
AD446,301.2205
AD447,1133.1417
AD448,197.93614
AD449,803.3326
AD450,935.5128
AD451,1138.1567
AD452,627.7779
AD453,410.87732
AD454,479.02277
AD455,723.9771
AD456,260.99713
AD457,178.37605
AD458,41.95305
AD459,217.00937
AD460,1611.2908
AD461,1385.3252
AD462,591.2165
AD463,1519.4601
AD464,603.2453
AD465,26.348719
AD466,1306.8339
AD467,1137.3547
AD468,183.17801
AD469,343.1548
AD470,1474.7634
AD471,442.70633
AD472,595.78284
AD473,225.18005
AD474,706.0987
AD475,963.332
AD476,1722.1819
AD477,897.0122
AD478,197.01698
AD479,496.7114
AD480,179.5943
AD481,601.9687
AD482,317.88
AD483,519.1445
AD484,1354.0059
AD485,1347.5009
AD486,104.60684
AD487,318.6012
AD488,657.9756
AD489,962.98676
AD490,807.9557
AD491,148.81322
AD492,112.884026
AD493,781.31415
AD494,573.7607
AD495,526.2486
AD496,1232.8038
AD497,522.9798
AD498,719.36523
AD499,568.4042
AD500,569.4679
AD501,445.82578
AD502,460.80652
AD503,602.24225
AD504,710.4585
AD505,224.61227
AD506,1175.8704
AD507,179.71996
AD508,692.5164
AD509,710.5329
AD510,157.17299
AD511,140.75984
AD512,523.2282
AD513,334.19775
AD514,140.01093
AD515,148.22028
AD516,368.13116
AD517,310.85837
AD518,849.7561
AD519,999.569
AD520,769.5748
AD521,1794.6265
AD522,679.3144
AD523,294.61743
AD524,800.433
AD525,197.67203
AD526,310.3839
AD527,299.96072
AD528,93.54572
AD529,158.55435
AD530,1300.1122
AD531,88.8159
AD532,177.0739
AD533,826.61926
AD534,703.89667
AD535,1220.6036
AD536,109.91807
AD537,151.51979
AD538,1086.5409
AD539,591.456
AD540,137.49438
AD541,533.09784
AD542,613.84875
AD543,370.2673
AD544,177.43103
AD545,1556.6367
AD546,-27.0866
AD547,408.1849
AD548,293.45395
AD549,934.7371
AD550,327.65515
AD551,756.50104
AD552,344.4935
AD553,114.93179
AD554,602.36
AD555,366.857
AD556,372.76282
AD557,391.48807
AD558,446.5394
AD559,1229.7167
AD560,279.00455
AD561,157.30075
AD562,1267.994
AD563,332.8702
AD564,239.46921
AD565,409.62146
AD566,686.3483
AD567,1223.9622
AD568,504.1821
AD569,216.56459
AD570,897.1562
AD571,1086.5283
AD572,781.0942
AD573,648.706
AD574,1079.8292
AD575,846.8641
AD576,-29.416786
AD577,488.00546
AD578,1213.7006
AD579,845.00824
AD580,280.1061
AD581,154.30002
AD582,179.60704
AD583,1515.2335
AD584,696.706
AD585,135.0646
AD586,329.00006
AD587,684.31915
AD588,189.1079
AD589,261.5305
AD590,682.8184
AD591,701.92633
AD592,305.8504
AD593,893.7237
AD594,322.48743
AD595,922.2292
AD596,1030.8259
AD597,1686.0928
AD598,1298.1161
AD599,412.58557
AD600,326.58322
AD601,217.911
AD602,679.02454
AD603,257.82065
AD604,127.17077
AD605,647.7659
AD606,955.1738
AD607,157.28818
AD608,467.85165
AD609,674.34424
AD610,-26.969961
AD611,499.36594
AD612,883.21674
AD613,837.97144
AD614,650.99536
AD615,261.18655
AD616,360.31934
AD617,543.88275
AD618,99.83681
AD619,383.77435
AD620,836.4992
AD621,746.6114
AD622,76.035
AD623,973.1584
AD624,946.85376
AD625,447.81522
AD626,409.69766
AD627,721.0926
AD628,257.43793
AD629,629.03827
AD630,424.4652
AD631,497.29077
AD632,148.08548
AD633,131.15013
AD634,65.61316
AD635,176.90462
AD636,395.2231
AD637,191.61034
AD638,485.20114
AD639,473.4913
AD640,204.2445
AD641,686.6338
AD642,636.09045
AD643,589.6825
AD644,193.29395
AD645,731.65375
AD646,851.5902
AD647,181.99577
AD648,543.74506
AD649,284.1147
AD650,408.66397
AD651,1155.1333
AD652,634.5299
AD653,378.98315
AD654,549.3429
AD655,345.73386
AD656,748.7903
AD657,873.5595
AD658,233.22415
AD659,1396.752
AD660,265.20587
AD661,1327.3601
AD662,276.86227
AD663,153.44281
AD664,370.6342
AD665,189.94919
AD666,408.72574
AD667,198.18393
AD668,335.9764
AD669,308.42694
AD670,1464.3103
AD671,693.951
AD672,621.76715
AD673,1003.03534
AD674,515.79407
AD675,275.0964
AD676,1040.27
AD677,448.34155
AD678,659.28705
AD679,79.1978
AD680,970.3822
AD681,1754.522
AD682,641.9471
AD683,894.62665
AD684,358.9262
AD685,1658.6406
AD686,1271.0098
AD687,369.48233
AD688,1684.4583
AD689,406.61514
AD690,400.48846
AD691,1045.2848
AD692,379.657
AD693,57.777157
AD694,45.901775
AD695,696.02295
AD696,858.9379
AD697,226.45395
AD698,657.5018
AD699,685.32825
AD700,172.43256
AD701,968.66614
AD702,1000.1345
AD703,548.5728
AD704,387.1281
AD705,206.29063
AD706,184.8921
AD707,847.5312
AD708,702.3947
AD709,470.21375
AD710,106.54085
AD711,474.08936
AD712,476.40857
AD713,169.19948
AD714,-37.20734
AD715,243.1074
AD716,552.32104
AD717,206.41553
AD718,486.53708
AD719,1025.3057
AD720,85.73372
AD721,307.87616
AD722,768.1303
AD723,259.76703
AD724,559.0609
AD725,449.17587
AD726,534.6082
AD727,1313.7892
AD728,877.9545
AD729,814.92334
AD730,957.87427
AD731,417.4
AD732,222.28477
AD733,569.0623
AD734,444.21387
AD735,348.3768
AD736,612.06274
AD737,1270.4812
AD738,378.7175
AD739,828.28394
AD740,481.76923
AD741,158.01254
AD742,891.5737
AD743,442.98734
AD744,1361.1572
AD745,84.365746
AD746,95.39037
AD747,1254.8405
AD748,937.50995
AD749,655.1972
AD750,369.18042
AD751,1135.658
AD752,196.03209
AD753,47.941517
AD754,831.47485
AD755,406.56204
AD756,383.91986
AD757,831.49475
AD758,757.3692
AD759,713.4806
AD760,80.54939
AD761,1213.2743
AD762,706.9132
AD763,570.66254
AD764,191.46355
AD765,81.47398
AD766,414.1426
AD767,293.39316
AD768,172.36002
AD769,20.09331
AD770,214.86578
AD771,52.379593
AD772,263.06113
AD773,275.31207
AD774,461.40274
AD775,216.73332
AD776,919.36633
AD777,614.09106
AD778,630.97797
AD779,686.90216
AD780,795.10895
AD781,453.6071
AD782,534.14014
AD783,511.0389
AD784,515.6071
AD785,59.410156
AD786,343.11072
AD787,356.8287
AD788,299.6599
AD789,831.566
AD790,213.69917
AD791,1044.2399
AD792,1078.9985
AD793,1737.1887
AD794,462.70645
AD795,1078.5411
AD796,726.2101
AD797,1262.4447
AD798,186.80482
AD799,227.27722
AD800,1419.0238
AD801,1271.5234
AD802,309.49838
AD803,737.2288
AD804,173.43152
AD805,876.613
AD806,152.0004
AD807,1050.788
AD808,298.4882
AD809,403.97092
AD810,337.05096
AD811,199.53796
AD812,854.8814
AD813,493.40796
AD814,1242.7952
AD815,288.55908
AD816,1294.6469
AD817,30.25616
AD818,523.3878
AD819,17.860859
AD820,1090.2146
AD821,407.6511
AD822,904.3738
AD823,912.1907
AD824,1013.7774
AD825,291.70593
AD826,333.95563
AD827,605.9337
AD828,320.41058
AD829,546.4306
AD830,279.1752
AD831,60.505894
AD832,195.85532
AD833,346.54605
AD834,247.16553
AD835,709.8092
AD836,195.37741
AD837,684.10583
AD838,723.17017
AD839,1595.7352
AD840,363.11212
AD841,429.30206
AD842,250.94199
AD843,689.3135
AD844,916.5074
AD845,587.10156
AD846,542.57166
AD847,470.57178
AD848,349.85547
AD849,1087.202
AD850,170.39738
AD851,596.34235
AD852,185.70685
AD853,530.7071
AD854,997.17035
AD855,222.93884
AD856,1229.5964
AD857,322.13947
AD858,229.67476
AD859,792.3787
AD860,1626.6619
AD861,366.10977
AD862,480.79355
AD863,1244.187
AD864,87.755486
AD865,633.4617
AD866,958.5339
AD867,178.57288
AD868,222.0535
AD869,815.5413
AD870,1339.234
AD871,563.23895
AD872,449.7845
AD873,177.97113
AD874,578.5212
AD875,232.19963
AD876,89.469246
AD877,1431.2649
AD878,363.35568
AD879,435.11804
AD880,788.94147
AD881,195.43636
AD882,583.78827
AD883,1613.0314
AD884,439.60394
AD885,961.9733
AD886,256.80508
AD887,576.7747
AD888,521.0995
AD889,512.4706
AD890,439.84286
AD891,348.43594
AD892,674.33075
AD893,635.00665
AD894,602.904
AD895,1166.7964
AD896,595.4201
AD897,830.8044
AD898,199.42929
AD899,1020.53345
AD900,449.19998
AD901,202.98047
AD902,401.5286
AD903,432.35358
AD904,145.29315
AD905,1344.8678
AD906,1056.2264
AD907,803.5559
AD908,1466.6758
AD909,218.3299
AD910,375.4721
AD911,514.9448
AD912,460.46033
AD913,1357.6014
AD914,941.0538
AD915,602.6152
AD916,85.994835
AD917,359.434
AD918,264.22842
AD919,665.82794
AD920,375.26297
AD921,56.60007
AD922,941.1223
AD923,1194.3329
AD924,905.9127
AD925,12.56648
AD926,623.5134
AD927,471.76767
AD928,72.37291
AD929,419.24756
AD930,925.3794
AD931,481.37015
AD932,981.04785
AD933,1129.0625
AD934,192.25513
AD935,1164.119
AD936,1393.6293
AD937,302.24252
AD938,176.74559
AD939,476.71167
AD940,644.5116
AD941,1025.969
AD942,211.92729
AD943,620.6802
AD944,192.91148
AD945,226.82335
AD946,243.71861
AD947,1300.3865
AD948,468.51355
AD949,331.33783
AD950,-91.5272
AD951,148.84575
AD952,292.9853
AD953,667.6228
AD954,120.93886
AD955,279.8317
AD956,519.5373
AD957,1279.6627
AD958,261.1126
AD959,250.49579
AD960,1362.7908
AD961,880.3054
AD962,454.43515
AD963,694.8842
AD964,479.24808
AD965,707.7379
AD966,773.248
AD967,1055.854
AD968,412.0357
AD969,511.0308
AD970,274.77887
AD971,329.4753
AD972,236.13167
AD973,1111.0044
AD974,391.82098
AD975,172.79883
AD976,243.91405
AD977,225.73724
AD978,372.01776
AD979,220.71065
AD980,121.938126
AD981,604.61194
AD982,440.91483
AD983,253.38136
AD984,495.51453
AD985,295.48804
AD986,557.6036
AD987,216.256
AD988,50.507633
AD989,427.40512
AD990,427.64465
AD991,1080.7417
AD992,-51.456116
AD993,287.3236
AD994,359.93698
AD995,175.73203
AD996,885.27515
AD997,-6.388876
AD998,901.25653
AD999,1156.7605
AD1000,182.26218
AD1001,196.06229
AD1002,128.86461
AD1003,501.02588
AD1004,228.90039
AD1005,244.72272
AD1006,351.2279
AD1007,517.08435
AD1008,345.59378
AD1009,274.05017
AD1010,1175.7976
AD1011,1452.244
AD1012,271.5101
AD1013,200.16771
AD1014,518.177
AD1015,609.93787
AD1016,952.6233
AD1017,1000.0156
AD1018,158.87662
AD1019,521.02997
AD1020,463.50687
AD1021,1667.1139
AD1022,476.8967
AD1023,1054.0106
AD1024,1056.2502
AD1025,992.6956
AD1026,770.8577
AD1027,342.83044
AD1028,-18.574013
AD1029,942.4171
AD1030,882.1842
AD1031,276.5782
AD1032,882.825
AD1033,1316.4756
AD1034,733.0335
AD1035,160.00793
AD1036,1296.4109
AD1037,319.5253
AD1038,1580.6057
AD1039,556.01294
AD1040,404.77896
AD1041,467.36838
AD1042,1111.1959
AD1043,1367.856
AD1044,291.77264
AD1045,954.7713
AD1046,800.6437
AD1047,803.5198
AD1048,251.5562
AD1049,1447.9841
AD1050,14.009325
AD1051,316.41827
AD1052,204.50249
AD1053,192.10942
AD1054,1014.5701
AD1055,470.2513
AD1056,1092.8687
AD1057,1279.685
AD1058,1141.0404
AD1059,539.5986
AD1060,1670.4364
AD1061,347.0791
AD1062,852.267
AD1063,556.0237
AD1064,465.3961
AD1065,747.1578
AD1066,1502.8738
AD1067,808.6544
AD1068,92.69916
AD1069,441.37735
AD1070,859.40985
AD1071,646.8743
AD1072,1154.8542
AD1073,982.06775
AD1074,408.38806
AD1075,491.9264
AD1076,634.5782
AD1077,869.72174
AD1078,1173.784
AD1079,1225.1471
AD1080,160.86609
AD1081,454.79282
AD1082,1262.5779
AD1083,357.57202
AD1084,490.56854
AD1085,448.72382
AD1086,501.03644
AD1087,56.861153
AD1088,729.0296
AD1089,150.16223
AD1090,1140.604
AD1091,1001.6061
AD1092,191.87732
AD1093,1604.5935
AD1094,464.19034
AD1095,177.42769
AD1096,236.54384
AD1097,292.1812
AD1098,169.4324
AD1099,985.27203
AD1100,349.56177
AD1101,938.8607
AD1102,516.60266
AD1103,436.05356
AD1104,677.80206
AD1105,893.3299
AD1106,672.8407
AD1107,691.9337
AD1108,518.66504
AD1109,707.204
AD1110,792.5526
AD1111,547.5237
AD1112,470.34894
AD1113,780.01166
AD1114,619.84814
AD1115,341.73563
AD1116,640.1487
AD1117,760.4369
AD1118,913.82556
AD1119,406.64407
AD1120,666.76685
AD1121,550.17566
AD1122,477.31
AD1123,827.03485
AD1124,737.54443
AD1125,618.9093
AD1126,475.37177
AD1127,542.4778
AD1128,480.7469
AD1129,685.3357
AD1130,397.48178
AD1131,669.80133
AD1132,562.3206
AD1133,671.5275
AD1134,656.1917
AD1135,903.8694
AD1136,746.05316
AD1137,490.8049
AD1138,489.64206
AD1139,704.06854
AD1140,716.6198
AD1141,875.5059
AD1142,618.73157
AD1143,700.6224
AD1144,359.18793
AD1145,763.2562
AD1146,500.55008
AD1147,706.73315
AD1148,492.77972
AD1149,637.4078
AD1150,570.92566
AD1151,823.5295
AD1152,492.2952
AD1153,546.5506
AD1154,676.4396
AD1155,849.5457
AD1156,883.2176
AD1157,585.9838
AD1158,639.8152
AD1159,644.3738
AD1160,687.8683
AD1161,461.24423
AD1162,480.68228
AD1163,525.5374
AD1164,826.0198
AD1165,642.47815
AD1166,704.82184
AD1167,558.94446
AD1168,415.98334
AD1169,693.7117
AD1170,750.3917
AD1171,555.7087
AD1172,835.9456
AD1173,564.24896
AD1174,694.5302
AD1175,816.66266
AD1176,463.6413
AD1177,778.8739
AD1178,410.87842
AD1179,758.3773
AD1180,741.58234
AD1181,574.1661
AD1182,996.03296
AD1183,657.6187
AD1184,646.04364
AD1185,539.6449
AD1186,596.01324
AD1187,620.6905
AD1188,730.00146
AD1189,569.6737
AD1190,638.26697
AD1191,1082.9448
AD1192,826.7326
AD1193,710.1748
AD1194,650.8552
AD1195,959.08765
AD1196,446.82462
AD1197,863.2001
AD1198,603.68787
AD1199,709.74066
AD1200,677.96
AD1201,632.7014
AD1202,628.4241
AD1203,557.35516
AD1204,821.8615
AD1205,456.7578
AD1206,652.7768
AD1207,724.7405
AD1208,520.7278
AD1209,521.33856
AD1210,647.2384
AD1211,471.1461
AD1212,497.55997
AD1213,511.18573
AD1214,744.6738
AD1215,613.2125
AD1216,970.2746
AD1217,919.57745
AD1218,707.14636
AD1219,648.51227
AD1220,708.4219
AD1221,770.95685
AD1222,641.122
AD1223,820.79956
AD1224,674.3216
AD1225,477.42322
AD1226,505.59634
AD1227,723.17883
AD1228,653.9432
AD1229,1046.2799
AD1230,641.09424
AD1231,666.1213
AD1232,671.4534
AD1233,560.7163
AD1234,417.00436
AD1235,400.01935
AD1236,766.0718
AD1237,381.63278
AD1238,660.3711
AD1239,982.3317
AD1240,672.9439
AD1241,578.99023
AD1242,676.2749
AD1243,585.0523
AD1244,477.0104
AD1245,558.9918
AD1246,568.5709
AD1247,664.2888
AD1248,500.90656
AD1249,718.62036
AD1250,840.0642
AD1251,748.09357
AD1252,537.88605
AD1253,859.36926
AD1254,546.52924
AD1255,652.0708
AD1256,635.2861
AD1257,319.75098
AD1258,547.153
AD1259,468.43652
AD1260,497.52524
AD1261,435.5782
AD1262,627.3026
AD1263,887.1903
AD1264,670.41724
AD1265,491.56064
AD1266,493.94907
AD1267,770.30273
AD1268,776.76056
AD1269,425.3062
AD1270,579.9933
AD1271,989.55444
AD1272,701.9295
AD1273,476.14407
AD1274,415.50903
AD1275,458.89078
AD1276,771.1297
AD1277,531.41614
AD1278,752.39844
AD1279,723.2907
AD1280,777.0874
AD1281,458.4056
AD1282,645.7819
AD1283,649.68365
AD1284,564.4388
AD1285,749.0343
AD1286,575.1362
AD1287,697.1849
AD1288,577.22516
AD1289,682.94543
AD1290,913.7977
AD1291,757.2781
AD1292,751.11066
AD1293,538.68036
AD1294,512.05225
AD1295,362.10678
AD1296,593.7337
AD1297,593.78143
AD1298,522.79675
AD1299,417.1103
AD1300,390.39767
AD1301,1049.7412
AD1302,1020.0607
AD1303,943.48083
AD1304,650.82574
AD1305,527.14215
AD1306,584.6389
AD1307,550.4373
AD1308,544.9762
AD1309,458.3582
AD1310,661.5148
AD1311,601.9112
AD1312,375.14197
AD1313,711.9917
AD1314,965.66113
AD1315,412.95694
AD1316,612.3175
AD1317,446.27887
AD1318,569.26874
AD1319,444.0807
AD1320,580.5305
AD1321,583.27893
AD1322,849.0809
AD1323,680.39984
AD1324,726.801
AD1325,709.8119
AD1326,507.4241
AD1327,493.89633
AD1328,576.7589
AD1329,708.5311
AD1330,768.88605
AD1331,710.8845
AD1332,552.79346
AD1333,547.9421
AD1334,828.64923
AD1335,581.08527
AD1336,142.46504
AD1337,81.741264
AD1338,110.9664
AD1339,400.16232
AD1340,442.76053
AD1341,1011.3138
AD1342,393.30606
AD1343,514.802
AD1344,315.91446
AD1345,1246.5168
AD1346,1477.4802
AD1347,828.2619
AD1348,189.31029
AD1349,437.31747
AD1350,701.09076
AD1351,240.88223
AD1352,448.62015
AD1353,371.11746
AD1354,33.72035
AD1355,497.78442
AD1356,133.64088
AD1357,109.55931
AD1358,41.11124
AD1359,557.6025
AD1360,167.56334
AD1361,253.45085
AD1362,477.76007
AD1363,379.32184
AD1364,202.90448
AD1365,678.1795
AD1366,324.1441
AD1367,577.0536
AD1368,1004.65137
AD1369,367.47815
AD1370,956.59106
AD1371,373.61014
AD1372,145.16173
AD1373,703.18634
AD1374,129.16461
AD1375,1077.9576
AD1376,458.5304
AD1377,1203.9054
AD1378,1165.9279
AD1379,415.10843
AD1380,148.85168
AD1381,480.58725
AD1382,148.79309
AD1383,305.17883
AD1384,1197.5956
AD1385,130.75664
AD1386,1787.8617
AD1387,348.04395
AD1388,336.00882
AD1389,657.7944
AD1390,539.8106
AD1391,768.02625
AD1392,533.70337
AD1393,920.1834
AD1394,452.92172
AD1395,1422.7948
AD1396,275.60663
AD1397,249.4434
AD1398,93.6948
AD1399,824.03503
AD1400,1477.689
AD1401,1084.1277
AD1402,360.92883
AD1403,880.7447
AD1404,188.27951
AD1405,1305.395
AD1406,330.40955
AD1407,138.19743
AD1408,687.14795
AD1409,1541.7954
AD1410,379.25314
AD1411,207.58629
AD1412,779.89954
AD1413,155.17441
AD1414,198.65982
AD1415,154.771
AD1416,957.4247
AD1417,357.20123
AD1418,1447.953
AD1419,180.73775
AD1420,347.44952
AD1421,162.21742
AD1422,431.66556
AD1423,879.4834
AD1424,143.13376
AD1425,861.244
AD1426,690.9552
AD1427,368.25885
AD1428,85.03917
AD1429,1312.6562
AD1430,1348.1469
AD1431,1061.4961
AD1432,328.74374
AD1433,1634.1873
AD1434,167.45657
AD1435,1031.3359
AD1436,354.51334
AD1437,614.9625
AD1438,316.6835
AD1439,303.75192
AD1440,17.50215
AD1441,549.83545
AD1442,648.14856
AD1443,555.668
AD1444,203.3584
AD1445,1817.0441
AD1446,398.4333
AD1447,1429.9003
AD1448,312.8311
AD1449,187.00507
AD1450,99.50503
AD1451,235.64555
AD1452,419.11972
AD1453,175.4274
AD1454,1552.9905
AD1455,703.19727
AD1456,208.17526
AD1457,319.94275
AD1458,390.12213
AD1459,229.3242
AD1460,382.41977
AD1461,1570.853
AD1462,398.34723
AD1463,170.36496
AD1464,914.31445
AD1465,69.45086
AD1466,79.148346
AD1467,181.0311
AD1468,39.28917
AD1469,588.5554
AD1470,571.5238
AD1471,324.3422
AD1472,479.2782
AD1473,-13.886079
AD1474,823.8712
AD1475,534.23724
AD1476,1144.4022
AD1477,1013.159
AD1478,351.5062
AD1479,373.23657
AD1480,1005.7402
AD1481,354.29706
AD1482,169.21268
AD1483,248.65065
AD1484,462.46744
AD1485,197.70628
AD1486,111.98532
AD1487,604.7066
AD1488,698.7045
AD1489,61.08754
AD1490,424.26135
AD1491,335.5198
AD1492,842.4512
AD1493,1174.1709
AD1494,574.1406
AD1495,144.22667
AD1496,1423.0367
AD1497,423.26904
AD1498,97.63251
AD1499,564.6451
AD1500,602.16095
AD1501,110.54773
AD1502,1469.8132
AD1503,229.44978
AD1504,733.46515
AD1505,972.46936
AD1506,625.8231
AD1507,613.81476
AD1508,655.8049
AD1509,206.58958
AD1510,952.3917
AD1511,516.0107
AD1512,500.64865
AD1513,410.921
AD1514,961.4977
AD1515,699.86694
AD1516,736.8888
AD1517,1754.955
AD1518,85.83309
AD1519,507.8875
AD1520,346.50027
AD1521,82.74421
AD1522,174.99586
AD1523,712.03754
AD1524,566.9298
AD1525,372.41522
AD1526,260.33383
AD1527,536.4742
AD1528,899.8512
AD1529,1732.1726
AD1530,310.2173
AD1531,300.39624
AD1532,1263.9993
AD1533,466.70038
AD1534,536.81946
AD1535,584.8332
AD1536,412.88797
AD1537,1239.1997
AD1538,12.810105
AD1539,444.5507
AD1540,1318.6061
AD1541,839.0174
AD1542,239.68037
AD1543,271.21762
AD1544,80.50744
AD1545,578.0291
AD1546,978.4918
AD1547,309.58597
AD1548,79.813034
AD1549,672.74646
AD1550,640.9017
AD1551,192.52301
AD1552,135.61987
AD1553,537.0204
AD1554,348.3355
AD1555,616.1939
AD1556,69.12102
AD1557,459.04163
AD1558,886.2321
AD1559,168.34192
AD1560,515.00134
AD1561,831.1961
AD1562,1532.2373
AD1563,439.45367
AD1564,611.7002
AD1565,865.31384
AD1566,167.33353
AD1567,215.79243
AD1568,1158.137
AD1569,-35.681084
AD1570,1342.2928
AD1571,739.77014
AD1572,948.0741
AD1573,1288.3344
AD1574,247.72864
AD1575,693.72565
AD1576,126.2665
AD1577,82.87396
AD1578,847.7083
AD1579,78.78668
AD1580,215.895
AD1581,493.18384
AD1582,249.81342
AD1583,1620.1434
AD1584,384.46338
AD1585,117.44112
AD1586,195.48126
AD1587,690.3394
AD1588,229.65443
AD1589,292.5907
AD1590,193.9996
AD1591,265.1685
AD1592,1066.563
AD1593,295.6794
AD1594,320.04922
AD1595,185.25981
AD1596,380.32373
AD1597,173.87549
AD1598,422.5718
AD1599,395.31097
AD1600,156.94514
AD1601,57.55594
AD1602,226.42455
AD1603,291.0245
AD1604,114.23868
AD1605,312.48535
AD1606,1714.0089
AD1607,521.3625
AD1608,202.76294
AD1609,1251.3969
AD1610,260.2576
AD1611,64.995255
AD1612,368.24188
AD1613,877.0051
AD1614,1785.0674
AD1615,1159.4772
AD1616,251.10413
AD1617,260.75143
AD1618,416.3853
AD1619,718.01276
AD1620,167.67274
AD1621,189.92787
AD1622,334.46838
AD1623,292.5631
AD1624,991.7349
AD1625,1227.5917
AD1626,220.90327
AD1627,633.53784
AD1628,363.77228
AD1629,390.28345
AD1630,251.65791
AD1631,511.75394
AD1632,231.17497
AD1633,1699.7811
AD1634,287.17435
AD1635,1093.0358
AD1636,242.28731
AD1637,1209.0778
AD1638,125.34605
AD1639,305.25427
AD1640,384.85648
AD1641,385.21155
AD1642,260.83414
AD1643,791.3708
AD1644,442.29385
AD1645,560.7711
AD1646,331.84677
AD1647,350.12778
AD1648,954.4976
AD1649,1250.581
AD1650,214.3137
AD1651,342.9268
AD1652,667.43414
AD1653,1068.2574
AD1654,2.5778255
AD1655,254.31952
AD1656,52.951366
AD1657,448.79953
AD1658,148.96396
AD1659,1090.7935
AD1660,951.68634
AD1661,1707.2489
AD1662,412.73615
AD1663,286.17926
AD1664,151.88713
AD1665,311.63153
AD1666,213.7388
AD1667,300.33508
AD1668,57.273464
AD1669,89.367874
AD1670,861.3373
AD1671,1035.2318
AD1672,323.56012
AD1673,182.42326
AD1674,992.8095
AD1675,229.711
AD1676,251.33414
AD1677,1347.9016
AD1678,536.75885
AD1679,302.60144
AD1680,1238.866
AD1681,150.07333
AD1682,963.9701
AD1683,1287.0198
AD1684,531.50006
AD1685,109.11641
AD1686,768.139
AD1687,111.13127
AD1688,759.522
AD1689,549.3793
AD1690,1236.735
AD1691,1547.5349
AD1692,806.2944
AD1693,326.0465
AD1694,149.70802
AD1695,240.65631
AD1696,254.75224
AD1697,809.0539
AD1698,295.95056
AD1699,99.31746
AD1700,1522.5824
AD1701,158.35027
AD1702,208.54456
AD1703,402.86526
AD1704,352.69928
AD1705,698.7879
AD1706,54.374756
AD1707,809.94794
AD1708,1158.5424
AD1709,540.4468
AD1710,279.03387
AD1711,567.04065
AD1712,244.59323
AD1713,191.31496
AD1714,470.81168
AD1715,502.16345
AD1716,255.63698
AD1717,498.81744
AD1718,177.04492
AD1719,-33.550545
AD1720,1075.4677
AD1721,921.12164
AD1722,593.04095
AD1723,296.00464
AD1724,279.231
AD1725,158.21094
AD1726,16.199663
AD1727,733.4903
AD1728,1097.4559
AD1729,178.15488
AD1730,963.5977
AD1731,269.35965
AD1732,426.2191
AD1733,511.6973
AD1734,301.19293
AD1735,413.02762
AD1736,904.852
AD1737,343.1384
AD1738,1008.384
AD1739,-50.531033
AD1740,198.69843
AD1741,101.488815
AD1742,169.66338
AD1743,428.44632
AD1744,1483.2755
AD1745,1262.6151
AD1746,799.6425
AD1747,637.15485
AD1748,1422.6897
AD1749,1220.5273
AD1750,1032.8057
AD1751,313.21634
AD1752,998.04706
AD1753,1626.6941
AD1754,108.14535
AD1755,78.9595
AD1756,-0.9882314
AD1757,1326.8683
AD1758,1236.9742
AD1759,139.8468
AD1760,224.37083
AD1761,689.6891
AD1762,238.9262
AD1763,265.87177
AD1764,290.89273
AD1765,643.98315
AD1766,207.35126
AD1767,1248.9178
AD1768,917.0519
AD1769,340.6081
AD1770,467.5994
AD1771,578.31274
AD1772,474.98352
AD1773,366.86765
AD1774,-0.061466932
AD1775,1562.3036
AD1776,1581.7567
AD1777,636.1504
AD1778,284.95224
AD1779,292.91794
AD1780,1254.2982
AD1781,880.4271
AD1782,1077.3083
AD1783,208.91595
AD1784,331.77887
AD1785,923.04443
AD1786,7.7581854
AD1787,631.7732
AD1788,146.60098
AD1789,149.1807
AD1790,306.17783
AD1791,1471.7557
AD1792,1138.5245
AD1793,374.01108
AD1794,47.633472
AD1795,798.97644
AD1796,181.27618
AD1797,970.87854
AD1798,83.50892
AD1799,572.3192
AD1800,141.64742
AD1801,578.7278
AD1802,1272.7445
AD1803,98.917206
AD1804,102.74691
AD1805,1360.5826
AD1806,792.2686
AD1807,240.69585
AD1808,653.18243
AD1809,157.31006
AD1810,330.43655
AD1811,884.40485
AD1812,570.72345
AD1813,529.9906
AD1814,1034.2551
AD1815,154.11427
AD1816,613.7368
AD1817,688.6187
AD1818,306.51492
AD1819,522.2505
AD1820,-14.187948
AD1821,590.08203
AD1822,136.11185
AD1823,1027.2035
AD1824,1706.6407
AD1825,1624.9728
AD1826,792.9623
AD1827,976.80206
AD1828,376.97098
AD1829,965.40735
AD1830,182.3339
AD1831,303.82263
AD1832,114.12885
AD1833,950.55963
AD1834,924.47565
AD1835,937.90546
AD1836,233.61107
AD1837,576.192
AD1838,376.02686
AD1839,1132.6073
AD1840,388.95923
AD1841,505.46414
AD1842,354.7391
AD1843,36.840755
AD1844,516.4626
AD1845,483.4928
AD1846,573.0664
AD1847,1711.0135
AD1848,1421.0873
AD1849,382.48434
AD1850,125.652725
AD1851,74.98906
AD1852,-18.252811
AD1853,729.70264
AD1854,206.45628
AD1855,263.54297
AD1856,133.1471
AD1857,288.44577
AD1858,1002.68335
AD1859,782.5775
AD1860,427.5714
AD1861,1080.9093
AD1862,725.0013
AD1863,403.82367
AD1864,1153.6252
AD1865,1052.6395
AD1866,596.1512
AD1867,777.0994
AD1868,758.98114
AD1869,157.38055
AD1870,562.04297
AD1871,630.25836
AD1872,342.02603
AD1873,410.52737
AD1874,173.1721
AD1875,735.6323
AD1876,203.92497
AD1877,362.57623
AD1878,409.1725
AD1879,238.25711
AD1880,337.57703
AD1881,318.2963
AD1882,475.81042
AD1883,127.71723
AD1884,578.0695
AD1885,60.826965
AD1886,799.8691
AD1887,1445.471
AD1888,199.26115
AD1889,61.284485
AD1890,83.71815
AD1891,1287.8632
AD1892,262.4492
AD1893,637.67554
AD1894,203.26913
AD1895,446.72906
AD1896,1011.5029
AD1897,85.52834
AD1898,259.75934
AD1899,301.17456
AD1900,695.6814
AD1901,187.4869
AD1902,1452.6244
AD1903,39.502426
AD1904,565.1957
AD1905,1226.4922
AD1906,1096.6924
AD1907,999.1209
AD1908,754.72876
AD1909,133.50046
AD1910,1536.8506
AD1911,320.20544
AD1912,253.81323
AD1913,129.11359
AD1914,113.19779
AD1915,410.08224
AD1916,635.33185
AD1917,1727.7544
AD1918,1118.9651
AD1919,141.05112
AD1920,7.3306174
AD1921,659.61304
AD1922,451.62714
AD1923,928.7413
AD1924,110.48438
AD1925,479.32193
AD1926,206.39838
AD1927,112.762474
AD1928,484.03732
AD1929,766.4693
AD1930,87.50343
AD1931,261.48065
AD1932,683.0196
AD1933,250.95137
AD1934,934.82477
AD1935,773.7393
AD1936,428.1115
AD1937,497.86127
AD1938,847.4217
AD1939,86.84419
AD1940,1187.4556
AD1941,280.9311
AD1942,70.481575
AD1943,1516.7587
AD1944,427.50632
AD1945,165.0398
AD1946,801.29614
AD1947,332.8831
AD1948,524.9254
AD1949,-57.362984
AD1950,1169.4784
AD1951,786.2769
AD1952,380.98608
AD1953,409.4073
AD1954,1234.3057
AD1955,338.1589
AD1956,1297.0924
AD1957,165.72292
AD1958,30.480896
AD1959,262.30847
AD1960,438.801
AD1961,1112.3204
AD1962,-58.08292
AD1963,289.58557
AD1964,241.11157
AD1965,657.8516
AD1966,1063.5566
AD1967,707.7135
AD1968,104.91089
AD1969,181.0371
AD1970,1015.95605
AD1971,73.393295
AD1972,7.5720034
AD1973,131.2903
AD1974,312.28806
AD1975,143.217
AD1976,443.28937
AD1977,1067.0769
AD1978,166.40065
AD1979,393.5885
AD1980,251.67111
AD1981,437.282
AD1982,540.8585
AD1983,604.9114
AD1984,629.39984
AD1985,742.8785
AD1986,175.57831
AD1987,817.8278
AD1988,1030.4589
AD1989,1246.9031
AD1990,628.8293
AD1991,724.15295
AD1992,747.74396
AD1993,565.8404
AD1994,334.2326
AD1995,196.495
AD1996,312.95654
AD1997,-19.314486
AD1998,1266.4529
AD1999,496.2215
AD2000,101.27375
AD2001,562.2781
AD2002,323.56873
AD2003,370.12454
AD2004,213.37474
AD2005,621.9368
AD2006,90.25538
AD2007,801.9284
AD2008,248.88368
AD2009,507.73224
AD2010,539.0187
AD2011,1074.2582
AD2012,1126.4948
AD2013,780.853
AD2014,1347.4163
AD2015,214.7639
AD2016,-87.30709
AD2017,255.34329
AD2018,1640.1732
AD2019,284.72656
AD2020,393.60757
AD2021,576.83746
AD2022,792.5213
AD2023,1112.4026
AD2024,512.8405
AD2025,649.64075
AD2026,953.36536
AD2027,186.90114
AD2028,173.22647
AD2029,504.07126
AD2030,134.118
AD2031,451.49188
AD2032,638.963
AD2033,736.11346
AD2034,770.4788
AD2035,654.11676
AD2036,1456.8037
AD2037,4.8132443
AD2038,615.0065
AD2039,487.07703
AD2040,120.77666
AD2041,391.43973
AD2042,524.24786
AD2043,482.58066
AD2044,140.17271
AD2045,186.1452
AD2046,197.21199
AD2047,246.36458
AD2048,512.80835
AD2049,304.53885
AD2050,1198.5387
AD2051,392.16125
AD2052,234.82219
AD2053,196.81187
AD2054,368.22748
AD2055,549.29803
AD2056,330.75922
AD2057,1152.0795
AD2058,287.85986
AD2059,448.30838
AD2060,98.98939
AD2061,651.8093
AD2062,254.77394
AD2063,996.49585
AD2064,960.4548
AD2065,700.9852
AD2066,127.80222
AD2067,1297.7472
AD2068,443.41748
AD2069,455.0738
AD2070,131.90335
AD2071,982.3413
AD2072,1288.6144
AD2073,195.56429
AD2074,642.5227
AD2075,1104.5966
AD2076,1214.6418
AD2077,990.1537
AD2078,199.40521
AD2079,800.4872
AD2080,488.08444
AD2081,831.89404
AD2082,115.20001
AD2083,573.436
AD2084,1658.5032
AD2085,365.20245
AD2086,617.0306
AD2087,571.54767
AD2088,545.123
AD2089,597.1227
AD2090,25.24136
AD2091,584.98755
AD2092,205.92993
AD2093,349.78094
AD2094,354.92575
AD2095,303.80133
AD2096,421.41687
AD2097,527.26544
AD2098,725.4126
AD2099,268.21304
AD2100,460.0343
AD2101,1316.4263
AD2102,931.7753
AD2103,817.4395
AD2104,114.773094
AD2105,429.04562
AD2106,765.0021
AD2107,250.79823
AD2108,275.69656
AD2109,181.48799
AD2110,228.73817
AD2111,827.07135
AD2112,852.4192
AD2113,1259.3967
AD2114,-27.467676
AD2115,962.1972
AD2116,913.76135
AD2117,438.93747
AD2118,359.7918
AD2119,427.50894
AD2120,161.9924
AD2121,59.81537
AD2122,761.0189
AD2123,696.83014
AD2124,1213.164
AD2125,334.90405
AD2126,204.61087
AD2127,160.0563
AD2128,175.86494
AD2129,138.46762
AD2130,279.752
AD2131,-3.4983
AD2132,33.20645
AD2133,1135.0446
AD2134,581.4901
AD2135,112.48748
AD2136,765.33966
AD2137,1142.8105
AD2138,1297.9108
AD2139,524.4657
AD2140,707.5701
AD2141,799.08356
AD2142,746.3997
AD2143,853.1452
AD2144,1474.9875
AD2145,1070.0151
AD2146,434.4686
AD2147,1034.2855
AD2148,438.87155
AD2149,250.09592
AD2150,477.7428
AD2151,323.51562
AD2152,276.25394
AD2153,521.4844
AD2154,1098.9923
AD2155,1004.37524
AD2156,214.83498
AD2157,88.88343
AD2158,583.6002
AD2159,706.90063
AD2160,1167.1193
AD2161,429.42853
AD2162,703.0451
AD2163,190.77805
AD2164,702.74713
AD2165,119.39254
AD2166,170.13715
AD2167,1527.9302
AD2168,483.83044
AD2169,1109.5006
AD2170,1256.5823
AD2171,118.88396
AD2172,835.23694
AD2173,937.35675
AD2174,1027.3717
AD2175,163.9112
AD2176,614.65955
AD2177,1200.6428
AD2178,424.61545
AD2179,1010.91205
AD2180,933.4211
AD2181,204.77179
AD2182,225.05772
AD2183,188.22429
AD2184,648.81915
AD2185,1058.7134
AD2186,375.8092
AD2187,291.82602
AD2188,752.86224
AD2189,280.89783
AD2190,221.70056
AD2191,1690.0684
AD2192,644.66205
AD2193,148.51479
AD2194,379.88193
AD2195,362.69522
AD2196,365.2886
AD2197,414.58768
AD2198,1416.0597
AD2199,682.38446
AD2200,564.9789
AD2201,315.01437
AD2202,1145.4741
AD2203,196.52686
AD2204,296.89746
AD2205,575.83685
AD2206,216.29578
AD2207,109.060585
AD2208,379.3864
AD2209,348.67316
AD2210,306.0296
AD2211,469.4358
AD2212,815.2148
AD2213,445.56897
AD2214,750.0394
AD2215,233.42413
AD2216,190.16545
AD2217,702.0717
AD2218,807.738
AD2219,695.5607
AD2220,435.31076
AD2221,461.79718
AD2222,318.97986
AD2223,557.25256
AD2224,688.35956
AD2225,221.26985
AD2226,225.58125
AD2227,373.34546
AD2228,148.25568
AD2229,343.6857
AD2230,1505.6062
AD2231,112.89411
AD2232,728.25946
AD2233,444.93896
AD2234,1052.862
AD2235,288.66412
AD2236,256.45535
AD2237,804.5754
AD2238,277.62888
AD2239,370.76877
AD2240,253.74654
AD2241,1575.8732
AD2242,89.80485
AD2243,206.34677
AD2244,1256.345
AD2245,131.85567
AD2246,338.21005
AD2247,245.33249
AD2248,756.74164
AD2249,275.3106
AD2250,102.47771
AD2251,411.9211
AD2252,1007.044
AD2253,214.94443
AD2254,387.16965
AD2255,633.8841
AD2256,772.1387
AD2257,293.449
AD2258,523.7695
AD2259,766.76733
AD2260,214.4368
AD2261,730.49554
AD2262,185.55493
AD2263,222.80463
AD2264,318.41348
AD2265,860.0609
AD2266,972.71783
AD2267,1661.9354
AD2268,868.03906
AD2269,176.33034
AD2270,695.55804
AD2271,722.4494
AD2272,723.2441
AD2273,698.9692
AD2274,199.45314
AD2275,111.208275
AD2276,695.0784
AD2277,520.0779
AD2278,437.56293
AD2279,1877.9996
AD2280,897.1245
AD2281,181.70094
AD2282,1563.5437
AD2283,106.69158
AD2284,405.33295
AD2285,456.36502
AD2286,939.48364
AD2287,569.42065
AD2288,489.5973
AD2289,936.98755
AD2290,522.10693
AD2291,230.79475
AD2292,945.1627
AD2293,290.46002
AD2294,681.68646
AD2295,211.76694
AD2296,101.93087
AD2297,837.6854
AD2298,135.26259
AD2299,1251.022
AD2300,903.81964
AD2301,274.3754
AD2302,287.18814
AD2303,502.41956
AD2304,1040.2709
AD2305,986.5237
AD2306,559.6279
AD2307,1394.5547
AD2308,273.4586
AD2309,289.2686
AD2310,1258.8352
AD2311,920.1814
AD2312,460.00522
AD2313,369.75018
AD2314,783.72015
AD2315,768.3684
AD2316,1138.3398
AD2317,575.4725
AD2318,109.49327
AD2319,502.88965
AD2320,911.7962
AD2321,776.6088
AD2322,459.2918
AD2323,237.86371
AD2324,206.81258
AD2325,248.49355
AD2326,886.25354
AD2327,425.51324
AD2328,447.45795
AD2329,422.0325
AD2330,132.8944
AD2331,148.54425
AD2332,373.1576
AD2333,188.87727
AD2334,32.791584
AD2335,157.70479
AD2336,1216.0592
AD2337,100.14889
AD2338,142.76186
AD2339,905.2226
AD2340,131.10687
AD2341,441.76163
AD2342,537.0604
AD2343,1437.1249
AD2344,306.3218
AD2345,984.2346
AD2346,252.3171
AD2347,414.30646
AD2348,140.6148
AD2349,575.23224
AD2350,1126.2784
AD2351,648.5474
AD2352,1371.9136
AD2353,79.18875
AD2354,152.13358
AD2355,-21.174068
AD2356,629.6329
AD2357,126.763504
AD2358,168.36559
AD2359,586.7216
AD2360,1196.7131
AD2361,179.90495
AD2362,529.42804
AD2363,396.95013
AD2364,43.66809
AD2365,157.17085
AD2366,232.81108
AD2367,735.6708
AD2368,81.9869
AD2369,286.45975
AD2370,123.5456
AD2371,127.38644
AD2372,947.8337
AD2373,58.86991
AD2374,301.46954
AD2375,239.33742
AD2376,497.72446
AD2377,826.07904
AD2378,308.81866
AD2379,-43.649353
AD2380,351.2052
AD2381,229.5077
AD2382,-58.400967
AD2383,278.17245
AD2384,600.8354
AD2385,637.92365
AD2386,560.378
AD2387,519.2597
AD2388,674.42175
AD2389,208.02766
AD2390,665.94104
AD2391,1293.1339
AD2392,184.06978
AD2393,453.51474
AD2394,456.78604
AD2395,568.19257
AD2396,295.73477
AD2397,627.4166
AD2398,544.4764
AD2399,392.40137
AD2400,741.88605
AD2401,454.57538
AD2402,618.8953
AD2403,654.8435
AD2404,769.7284
AD2405,560.09326
AD2406,471.36154
AD2407,327.73334
AD2408,651.2726
AD2409,545.53064
AD2410,481.5714
AD2411,317.48315
AD2412,626.9189
AD2413,359.85046
AD2414,1655.62
AD2415,702.1677
AD2416,317.89465
AD2417,515.8541
AD2418,981.4951
AD2419,580.31006
AD2420,658.19226
AD2421,1004.359
AD2422,368.84348
AD2423,431.21805
AD2424,442.22577
AD2425,170.71051
AD2426,701.0529
AD2427,239.60974
AD2428,772.647
AD2429,410.12216
AD2430,461.96942
AD2431,994.445
AD2432,664.8622
AD2433,46.03269
AD2434,995.6436
AD2435,1694.9729
AD2436,598.8004
AD2437,1224.2069
AD2438,244.05847
AD2439,118.171425
AD2440,433.23926
AD2441,1238.0931
AD2442,288.3146
AD2443,111.15484
AD2444,511.7208
AD2445,185.99928
AD2446,154.99463
AD2447,812.85187
AD2448,556.74133
AD2449,793.7966
AD2450,710.1484
AD2451,371.41113
AD2452,1506.61
AD2453,779.329
AD2454,230.29973
AD2455,144.79889
AD2456,231.65593
AD2457,622.51135
AD2458,1155.2999
AD2459,322.03232
AD2460,95.466
AD2461,205.01462
AD2462,308.3268
AD2463,648.9769
AD2464,165.46843
AD2465,322.63364
AD2466,340.17432
AD2467,1505.2501
AD2468,554.1566
AD2469,882.6727
AD2470,625.26056
AD2471,202.69267
AD2472,138.93129
AD2473,678.33606
AD2474,79.297195
AD2475,323.48816
AD2476,867.9304
AD2477,412.98715
AD2478,66.348625
AD2479,385.47852
AD2480,188.65065
AD2481,644.8484
AD2482,215.3557
AD2483,797.67426
AD2484,65.88666
AD2485,779.2212
AD2486,1602.0267
AD2487,976.1398
AD2488,105.89998
AD2489,1639.7476
AD2490,1387.7782
AD2491,1021.0319
AD2492,566.03265
AD2493,137.54279
AD2494,-10.190213
AD2495,376.26382
AD2496,479.78796
AD2497,686.06744
AD2498,230.77176
AD2499,547.4052
AD2500,185.0422
AD2501,640.7291
AD2502,694.62976
AD2503,987.26105
AD2504,1217.1594
AD2505,195.27385
AD2506,680.82556
AD2507,386.27963
AD2508,962.6314
AD2509,124.95142
AD2510,461.22202
AD2511,464.69373
AD2512,543.0971
AD2513,328.85156
AD2514,181.85489
AD2515,257.19794
AD2516,902.7254
AD2517,284.6388
AD2518,762.3215
AD2519,307.15125
AD2520,686.83026
AD2521,155.58481
AD2522,1112.8024
AD2523,1630.4747
AD2524,145.45174
AD2525,1308.2949
AD2526,1565.8206
AD2527,1153.8213
AD2528,651.4604
AD2529,416.32974
AD2530,350.2298
AD2531,373.06036
AD2532,551.2194
AD2533,771.36084
AD2534,890.1792
AD2535,144.4047
AD2536,354.8659
AD2537,1036.9954
AD2538,184.4039
AD2539,11.1755
AD2540,1191.8019
AD2541,158.31133
AD2542,1104.1564
AD2543,336.29956
AD2544,1135.4481
AD2545,37.524494
AD2546,954.62775
AD2547,883.26636
AD2548,773.7746
AD2549,629.95245
AD2550,416.28827
AD2551,482.0422
AD2552,617.9654
AD2553,138.525
AD2554,528.456
AD2555,192.29903
AD2556,120.14152
AD2557,1198.1575
AD2558,583.9186
AD2559,470.24713
AD2560,1322.6034
AD2561,1525.8806
AD2562,910.1278
AD2563,883.9834
AD2564,371.69827
AD2565,1327.6636
AD2566,393.7349
AD2567,1443.0955
AD2568,1444.2285
AD2569,235.8979
AD2570,475.0153
AD2571,437.59875
AD2572,600.56055
AD2573,-17.818878
AD2574,191.62274
AD2575,404.6126
AD2576,207.13571
AD2577,929.67444
AD2578,624.8995
AD2579,180.92401
AD2580,445.69235
AD2581,274.79703
AD2582,1104.6119
AD2583,932.97174
AD2584,340.45605
AD2585,348.52878
AD2586,475.09225
AD2587,24.60085
AD2588,897.645
AD2589,575.10675
AD2590,686.9577
AD2591,588.2757
AD2592,119.85753
AD2593,45.43086
AD2594,748.42126
AD2595,739.64124
AD2596,268.8943
AD2597,267.22104
AD2598,1626.2361
AD2599,722.1969
AD2600,607.6908
AD2601,125.733955
AD2602,354.76294
AD2603,209.08391
AD2604,1005.3479
AD2605,546.67993
AD2606,362.55414
AD2607,661.6026
AD2608,334.6353
AD2609,282.28607
AD2610,1657.5366
AD2611,728.47833
AD2612,222.59299
AD2613,501.55188
AD2614,235.5645
AD2615,-34.241116
AD2616,210.67789
AD2617,450.07925
AD2618,418.02582
AD2619,334.52002
AD2620,211.94452
AD2621,937.1363
AD2622,353.00327
AD2623,995.4521
AD2624,1102.4099
AD2625,1777.8615
AD2626,758.7464
AD2627,804.57227
AD2628,188.51132
AD2629,1351.0303
AD2630,479.96957
AD2631,706.8904
AD2632,217.10458
AD2633,638.38196
AD2634,530.97754
AD2635,174.13423
AD2636,817.0554
AD2637,873.47504
AD2638,91.44116
AD2639,146.48848
AD2640,1263.0568
AD2641,1017.51917
AD2642,1065.7385
AD2643,-51.30114
AD2644,191.48662
AD2645,1585.5491
AD2646,756.7412
AD2647,672.76514
AD2648,118.45274
AD2649,1094.9158
AD2650,1266.5164
AD2651,831.4045
AD2652,278.51028
AD2653,1023.565
AD2654,1615.0254
AD2655,149.09648
AD2656,545.1142
AD2657,250.19151
AD2658,856.2049
AD2659,885.7182
AD2660,267.61844
AD2661,620.85175
AD2662,1265.6515
AD2663,1337.1042
AD2664,406.51886
AD2665,97.55841
AD2666,688.4633
AD2667,765.4656
AD2668,1596.7906
AD2669,210.07065
AD2670,140.00815
AD2671,445.67426
AD2672,999.898
AD2673,157.96709
AD2674,387.61472
AD2675,468.5138
AD2676,60.601738
AD2677,751.2408
AD2678,155.90817
AD2679,1194.3245
AD2680,661.92676
AD2681,1111.1499
AD2682,306.71005
AD2683,363.3889
AD2684,166.83142
AD2685,159.41478
AD2686,665.77
AD2687,958.82495
AD2688,1056.3516
AD2689,794.5099
AD2690,235.42595
AD2691,549.0216
AD2692,200.82028
AD2693,403.67993
AD2694,1481.9473
AD2695,230.43182
AD2696,145.09338
AD2697,443.27374
AD2698,309.16623
AD2699,63.107327
AD2700,379.9017
AD2701,135.18787
AD2702,548.30505
AD2703,59.96545
AD2704,635.29706
AD2705,1177.3391
AD2706,309.3334
AD2707,195.37808
AD2708,62.055912
AD2709,1136.8885
AD2710,1568.1754
AD2711,347.16644
AD2712,791.03735
AD2713,1344.1721
AD2714,322.739
AD2715,210.49419
AD2716,516.1985
AD2717,1098.6891
AD2718,301.81415
AD2719,196.89644
AD2720,1171.6913
AD2721,588.8729
AD2722,286.6896
AD2723,19.185987
AD2724,151.92017
AD2725,463.80936
AD2726,478.07263
AD2727,172.08408
AD2728,188.01598
AD2729,317.17178
AD2730,1233.7278
AD2731,294.13632
AD2732,47.116047
AD2733,1130.9463
AD2734,157.00325
AD2735,488.0182
AD2736,372.39133
AD2737,361.9793
AD2738,1285.2915
